"MSGNO","AREA","DEFAULT_TYPE","TEXT","PRIMARY_OBJECTS","CONSOLIDATION_NOTE"
"001","COMMON","E","&1","ZBP_I_IAM_LREQ_HDR","Dynamic pass-through only for messages originating from BAPI or another message class"
"010","COMMON","E","Missing authorization &1 ACTVT=&2","ZCL_IAM_ACCESS_CTRL; ZCL_IAM_SOD_ADMIN","Consolidates fixed and parameterized authorization errors"
"011","COMMON","W","Select at least one user","ZPG_RUSERS_02; ZPG_IAM_RUSERS_SOD_I01","Consolidates general and SoD-specific selection warnings"
"012","COMMON","E","No data found","ZPG_RUSERS_02","Normalizes punctuation"
"013","COMMON","E","Save failed","ZPG_IAM_CFG_MAINT","Shared by Firefighter-role and SoD-rule maintenance"
"014","COMMON","S","Configuration saved successfully","ZPG_IAM_CFG_MAINT","Shared by Firefighter-role and SoD-rule maintenance"
"015","COMMON","I","No roles found for selected users","ZPG_RUSERS_02","Consolidates duplicate CHECK_AUTH and REMOVE_AUTH messages"
"016","COMMON","W","No roles selected for removal","ZPG_RUSERS_02",""
"017","COMMON","S","Roles removed successfully","ZPG_RUSERS_02",""
"018","COMMON","E","Role removal failed; changes were rolled back","ZPG_RUSERS_02","Normalizes rollback wording"
"019","COMMON","W","Remove &1 role(s) from selected users?","ZPG_RUSERS_02","Confirmation question"
"020","COMMON","E","Invalid mode. Use I, E, or B only","ZPG_IAM_ACCESS_CONTROL","Consolidates MESSAGE and WRITE variants"
"021","COMMON","E","Review reason is required","ZCL_IAM_SOD_ADMIN; ZPG_IAM_RUSERS_SOD_I01","Consolidates mandatory-review-reason variants"
"022","COMMON","E","Select exactly one conflicting role","ZPG_IAM_RUSERS_SOD_I01","Shortens current wording without changing behavior"
"023","COMMON","I","No SoD conflicts found for selected users","ZPG_IAM_RUSERS_SOD_I01",""
"024","COMMON","W","Rule &1 is exempt; no role was removed","ZPG_IAM_RUSERS_SOD_I01",""
"025","COMMON","W","Remove role &1 from user &2?","ZPG_IAM_RUSERS_SOD_I01","Confirmation question"
"026","COMMON","W","User &1 is busy; operation deferred","ZCL_IAM_ACCESS_CTRL","Consolidates inactivity, grant, and revoke busy-user variants"
"027","COMMON","E","Audit persistence failed; operation was rolled back","ZCL_IAM_SOD_ADMIN","Consolidates audit UUID and audit-write rollback errors"
"028","COMMON","E","No BAPI message was returned","ZCL_IAM_ACCESS_CTRL",""
"100","LIFECYCLE","E","Approval rationale is required for Critical SoD","ZBP_I_IAM_LREQ_HDR",""
"101","LIFECYCLE","E","Enter a valid email address for a Joiner request","ZBP_I_IAM_LREQ_HDR","Normalizes e-mail spelling and punctuation"
"102","LIFECYCLE","E","New department is required for a Mover request","ZBP_I_IAM_LREQ_HDR","Local source; pending live synchronization"
"103","LIFECYCLE","E","Department &1 does not exist or is inactive","ZBP_I_IAM_LREQ_HDR","Local source; pending live synchronization"
"104","LIFECYCLE","E","SAP user &1 already exists; use a Mover request","ZBP_I_IAM_LREQ_HDR","Local source; pending live synchronization"
"105","LIFECYCLE","E","Joiner request &1 already exists for SAP user &2","ZBP_I_IAM_LREQ_HDR","Local source; pending live synchronization"
"200","FIREFIGHTER","E","Duration must be between 1 and 24 hours","ZCL_IAM_FF_SERVICE",""
"201","FIREFIGHTER","E","Emergency role is inactive or not allowlisted","ZCL_IAM_FF_SERVICE","Shortens existing allowlist validation"
"202","FIREFIGHTER","E","Duration exceeds role maximum of &1 hour(s)","ZCL_IAM_FF_SERVICE",""
"203","FIREFIGHTER","E","Firefighter grant &1 is already queued or in progress","ZCL_IAM_FF_SERVICE","Consolidates long local and shorter live duplicate-grant messages"
"204","FIREFIGHTER","E","Unable to create Firefighter grant ID","ZCL_IAM_FF_SERVICE",""
"205","FIREFIGHTER","E","Unable to calculate Firefighter expiry timestamp","ZCL_IAM_FF_SERVICE",""
"206","FIREFIGHTER","E","Unable to create Firefighter grant record","ZCL_IAM_FF_SERVICE",""
"207","FIREFIGHTER","E","Firefighter grant creation cancelled because audit failed","ZCL_IAM_FF_SERVICE","Shortens Z-audit wording"
"208","FIREFIGHTER","S","Firefighter grant queued for background processing","ZCL_IAM_FF_SERVICE",""
"209","FIREFIGHTER","E","Firefighter grant &1 no longer exists","ZCL_IAM_ACCESS_CTRL",""
"210","FIREFIGHTER","I","Firefighter grant &1 is no longer revocable","ZCL_IAM_ACCESS_CTRL",""
"211","FIREFIGHTER","E","Concurrent revoke detected for grant &1","ZCL_IAM_ACCESS_CTRL",""
"212","FIREFIGHTER","I","Physical revoke skipped; baseline or overlap retained","ZCL_IAM_ACCESS_CTRL","Normalizes baseline and overlapping-role case"
"213","FIREFIGHTER","E","Managed role missing during ownership transfer","ZCL_IAM_ACCESS_CTRL",""
"214","FIREFIGHTER","E","Managed role ownership transfer failed","ZCL_IAM_ACCESS_CTRL",""
"215","FIREFIGHTER","E","Managed role validity changed; manual review required","ZCL_IAM_ACCESS_CTRL","Normalizes DRIFT prefix"
"216","FIREFIGHTER","I","Managed role was already absent","ZCL_IAM_ACCESS_CTRL",""
"217","FIREFIGHTER","E","Grant &1 role changed but final audit failed; recovery required","ZCL_IAM_ACCESS_CTRL",""
"218","FIREFIGHTER","I","Firefighter grant &1: &2","ZCL_IAM_ACCESS_CTRL","Shared final grant/revoke result envelope"
"219","FIREFIGHTER","I","Pending Firefighter grant candidates=&1","ZCL_IAM_ACCESS_CTRL",""
"220","FIREFIGHTER","S","Simulation: grant &1 to user &2, role &3","ZCL_IAM_ACCESS_CTRL",""
"221","FIREFIGHTER","I","Grant &1 expired before background processing","ZCL_IAM_ACCESS_CTRL",""
"222","FIREFIGHTER","I","Grant &1 background role assignment in progress","ZCL_IAM_ACCESS_CTRL",""
"223","FIREFIGHTER","I","Role &1 already exists; temporary ownership not created","ZCL_IAM_ACCESS_CTRL",""
"224","FIREFIGHTER","S","Grant &1 role assigned by background job","ZCL_IAM_ACCESS_CTRL",""
"225","FIREFIGHTER","S","Grant &1 recovered from actual role state","ZCL_IAM_ACCESS_CTRL",""
"226","FIREFIGHTER","E","Grant &1 is stale; assigned role was not verified","ZCL_IAM_ACCESS_CTRL",""
"227","FIREFIGHTER","I","Firefighter expiry candidates=&1","ZCL_IAM_ACCESS_CTRL",""
"228","FIREFIGHTER","S","Simulation: expire grant &1 for user &2, role &3","ZCL_IAM_ACCESS_CTRL",""
"229","FIREFIGHTER","I","Role retained for overlapping grant &1","ZCL_IAM_ACCESS_CTRL",""
"230","FIREFIGHTER","E","Read-after-write failed: &1","ZCL_IAM_ACCESS_CTRL",""
"231","FIREFIGHTER","E","Target role state was not applied: &1","ZCL_IAM_ACCESS_CTRL",""
"232","FIREFIGHTER","E","Target role still exists after update: &1","ZCL_IAM_ACCESS_CTRL","Normalizes fingerprint wording"
"233","FIREFIGHTER","E","An unrelated role changed during the update","ZCL_IAM_ACCESS_CTRL",""
"234","FIREFIGHTER","W","Role state verified despite BAPI return: &1","ZCL_IAM_ACCESS_CTRL",""
"235","FIREFIGHTER","S","Role state verified","ZCL_IAM_ACCESS_CTRL",""
"300","SOD","E","SoD rule &1 was not found","ZCL_IAM_SOD_ADMIN",""
"301","SOD","E","Role &1 is not part of SoD rule &2","ZCL_IAM_SOD_ADMIN",""
"302","SOD","E","Role &1 belongs to active Firefighter grant &2","ZCL_IAM_SOD_ADMIN","Follow with controlled Firefighter revoke guidance in UI"
"303","SOD","E","Role &1 is not assigned to user &2","ZCL_IAM_SOD_ADMIN",""
"304","SOD","E","Role &1 is not currently valid for user &2","ZCL_IAM_SOD_ADMIN",""
"305","SOD","S","Role &1 was removed from user &2; review audited","ZCL_IAM_SOD_ADMIN",""
"306","SOD","E","Role &1 was not found in AGR_DEFINE","ZPG_IAM_CFG_MAINT",""
"307","SOD","E","User &1 was not found in USR02","ZPG_IAM_CFG_MAINT","Shared by owner and backup-owner validation"
"308","SOD","E","SoD rule &1 requires two roles","ZPG_IAM_CFG_MAINT",""
"309","SOD","E","SoD rule &1 roles must differ","ZPG_IAM_CFG_MAINT",""
"310","SOD","E","SoD rule &1 role &2 was not found","ZPG_IAM_CFG_MAINT","Consolidates Role1 and Role2 not-found messages"
"400","INACTIVITY","E","Invalid thresholds: warn=&1, lock=&2","ZCL_IAM_ACCESS_CTRL",""
"401","INACTIVITY","I","Inactivity scan candidates=&1; key date=&2","ZCL_IAM_ACCESS_CTRL",""
"402","INACTIVITY","I","Account &1 excluded from inactivity control","ZCL_IAM_ACCESS_CTRL",""
"403","INACTIVITY","I","User &1 skipped after locked recheck","ZCL_IAM_ACCESS_CTRL",""
"404","INACTIVITY","W","User &1 has invalid activity anchor &2","ZCL_IAM_ACCESS_CTRL",""
"405","INACTIVITY","S","Simulation: close inactivity case for &1 after login","ZCL_IAM_ACCESS_CTRL",""
"406","INACTIVITY","S","Inactivity case closed for &1","ZCL_IAM_ACCESS_CTRL",""
"407","INACTIVITY","E","Failed to close inactivity case for &1","ZCL_IAM_ACCESS_CTRL",""
"408","INACTIVITY","S","Simulation: reconcile existing lock for &1","ZCL_IAM_ACCESS_CTRL",""
"409","INACTIVITY","I","Warning already sent today to &1","ZCL_IAM_ACCESS_CTRL",""
"410","INACTIVITY","S","Simulation: warn &1 after &2 inactive days","ZCL_IAM_ACCESS_CTRL",""
"411","INACTIVITY","E","Cannot warn &1: &2","ZCL_IAM_ACCESS_CTRL",""
"412","INACTIVITY","I","Warning for &1: &2","ZCL_IAM_ACCESS_CTRL","Result envelope for warning operation"
"413","INACTIVITY","S","Simulation: lock &1 after &2 inactive days","ZCL_IAM_ACCESS_CTRL",""
"414","INACTIVITY","W","Lock skipped after recheck for &1","ZCL_IAM_ACCESS_CTRL",""
"415","INACTIVITY","W","Lock skipped; &1 logged in during scan","ZCL_IAM_ACCESS_CTRL",""
"416","INACTIVITY","E","Lock not attempted; intent audit failed for &1","ZCL_IAM_ACCESS_CTRL",""
"417","INACTIVITY","E","Lock failed for &1: &2","ZCL_IAM_ACCESS_CTRL",""
"418","INACTIVITY","E","Post-lock verification failed for &1","ZCL_IAM_ACCESS_CTRL",""
"419","INACTIVITY","S","User &1 locked after &2 inactive days","ZCL_IAM_ACCESS_CTRL",""
"420","INACTIVITY","E","User &1 locked but final audit persistence failed","ZCL_IAM_ACCESS_CTRL",""
"421","INACTIVITY","E","No email address is maintained","ZCL_IAM_ACCESS_CTRL",""
"422","INACTIVITY","S","Email address resolved","ZCL_IAM_ACCESS_CTRL",""
"423","INACTIVITY","S","Mail queued","ZCL_IAM_ACCESS_CTRL",""
"424","INACTIVITY","E","Mail could not be sent","ZCL_IAM_ACCESS_CTRL","Normalizes CL_BCS implementation wording"
"425","INACTIVITY","E","Persistence or audit failure","ZCL_IAM_ACCESS_CTRL",""
"426","INACTIVITY","I","Lock operation started","ZCL_IAM_ACCESS_CTRL","Persisted control-case status"
"427","INACTIVITY","E","Post-lock verification failed","ZCL_IAM_ACCESS_CTRL","Persisted control-case status"
